Rk,,Yrs,Yr-Yr,G,W,L,T,W-L%,G > .500,Yr plyf,G plyf,W plyf,L plyf,W-L%,AvRk,BstRk,Chmp,SBwl,Conf
1,Faye Abbott,2,1928-1929,13,0,13,0,.000,-13,0,0,0,0,,11.0,10,0,0,0
2,Dave Adolph,12,1985-1996,0,0,0,0,,0,0,0,0,0,,2.0,1,0,0,0
3,Frankie Albert,3,1956-1958,36,19,16,1,.543,3,1,1,0,1,.000,2.7,1,0,0,0
4,Doc Alexander,2,1922-1926,18,8,8,2,.500,0,0,0,0,0,,10.5,6,0,0,0
5,Dennis Allen,1,2011,0,0,0,0,,0,0,0,0,0,,1.0,1,0,0,0
6,George Allen,12,1966-1977,168,116,47,5,.712,69,7,9,2,7,.222,1.8,1,0,0,1
7,Hunk Anderson,4,1942-1945,36,23,11,2,.676,12,2,2,1,1,.500,2.0,1,1,0,0
8,Roy Andrews,8,1924-1931,82,51,27,4,.654,24,0,0,0,0,,5.9,2,0,0,0
9,Bruce Arians,8,2001-2011,0,0,0,0,,0,0,0,0,0,,1.9,1,0,0,0
10,John Armstrong,1,1924,9,5,2,2,.714,3,0,0,0,0,,5.0,5,0,0,0
11,Neill Armstrong,4,1978-1981,64,30,34,0,.469,-4,1,1,0,1,.000,3.0,1,0,0,0
12,Bill Arnsparger,17,1970-1994,35,7,28,0,.200,-21,0,0,0,0,,2.1,1,0,0,0
13,Dave Atkins,2,1994-1995,0,0,0,0,,0,0,0,0,0,,4.0,3,0,0,0
14,Bill Austin,4,1966-1970,56,17,36,3,.321,-19,0,0,0,0,,4.5,4,0,0,0
15,Joe Bach,4,1935-1953,48,21,27,0,.438,-6,0,0,0,0,,3.3,2,0,0,0
16,Bob Baker,4,1985-1988,0,0,0,0,,0,0,0,0,0,,3.5,3,0,0,0
17,Herman Ball,3,1949-1951,20,4,16,0,.200,-12,0,0,0,0,,4.3,3,0,0,0
18,Mark Banker,1,2001,0,0,0,0,,0,0,0,0,0,,5.0,5,0,0,0
19,Shorty Barr,1,1926,3,1,2,0,.333,-1,0,0,0,0,,16.0,16,0,0,0
20,Joe Barry,2,2007-2008,0,0,0,0,,0,0,0,0,0,,3.5,3,0,0,0
21,Norm Barry,2,1925-1926,26,16,8,2,.667,8,0,0,0,0,,5.5,1,1,0,0
22,Tom Bass,9,1969-1985,0,0,0,0,,0,0,0,0,0,,3.3,1,0,0,0
23,Jeremy Bates,1,2010,0,0,0,0,,0,0,0,0,0,,1.0,1,0,0,0
24,Jim Bates,7,1994-2005,7,3,4,0,.429,-1,0,0,0,0,,2.4,1,0,0,0
25,Dim Batterson,1,1927,5,0,5,0,.000,-5,0,0,0,0,,12.0,12,0,0,0
26,Cliff Battles+,2,1946-1947,21,4,16,1,.200,-12,0,0,0,0,,2.5,2,0,0,0
27,Sammy Baugh+,3,1960-1964,42,18,24,0,.429,-6,0,0,0,0,,3.0,2,0,0,0
28,John Becker,5,1987-1991,0,0,0,0,,0,0,0,0,0,,2.8,1,0,0,0
29,Bull Behman,3,1929-1931,40,13,20,7,.394,-7,0,0,0,0,,7.0,3,0,0,0
30,Larry Beightol,1,1989,0,0,0,0,,0,0,0,0,0,,5.0,5,0,0,0
Rk,,Yrs,Yr-Yr,G,W,L,T,W-L%,G > .500,Yr plyf,G plyf,W plyf,L plyf,W-L%,AvRk,BstRk,Chmp,SBwl,Conf
31,Bill Belichick,26,1985-2011,272,175,97,0,.643,78,9,21,15,6,.714,1.8,1,3,3,4
32,Bert Bell,6,1936-1941,58,10,46,2,.179,-36,0,0,0,0,,4.7,4,0,0,0
33,Phil Bengtson,4,1968-1972,47,21,25,1,.457,-4,0,0,0,0,,3.5,3,0,0,0
34,Leeman Bennett,8,1977-1986,119,50,69,0,.420,-19,3,4,1,3,.250,2.6,1,0,0,0
35,Dutch Bergman,1,1943,10,6,3,1,.667,3,1,2,1,1,.500,1.0,1,0,0,0
36,Raymond Berry+,6,1984-1989,87,48,39,0,.552,9,2,5,3,2,.600,2.2,1,0,0,1
37,Punk Berryman,2,1924-1926,25,14,10,1,.583,4,0,0,0,0,,8.5,3,0,0,0
38,Tom Bettis,9,1977-1985,7,1,6,0,.143,-5,0,0,0,0,,3.7,1,0,0,0
39,Darrell Bevell,6,2006-2011,0,0,0,0,,0,0,0,0,0,,2.2,1,0,0,0
40,Hugo Bezdek,2,1937-1938,14,1,13,0,.071,-12,0,0,0,0,,4.5,4,0,0,0
41,Dana Bible,1,1998,0,0,0,0,,0,0,0,0,0,,5.0,5,0,0,0
42,Scotty Bierce,1,1925,8,4,2,2,.667,2,0,0,0,0,,4.0,4,0,0,0
43,Ed Biles,9,1975-1983,31,8,23,0,.258,-15,0,0,0,0,,2.8,1,0,0,0
44,Brian Billick,15,1993-2007,144,80,64,0,.556,16,4,8,5,3,.625,2.3,1,1,1,1
45,Greg Blache,7,1999-2009,0,0,0,0,,0,0,0,0,0,,3.6,1,0,0,0
46,Lisle Blackbourn,4,1954-1957,48,17,31,0,.354,-14,0,0,0,0,,4.8,3,0,0,0
47,Sam Boghosian,2,1976-1977,0,0,0,0,,0,0,0,0,0,,4.5,4,0,0,0
48,Pat Boland,1,1946,6,2,3,1,.400,-1,0,0,0,0,,4.0,4,0,0,0
49,Todd Bowles,1,2011,3,2,1,0,.667,1,,,,,,3.0,3,0,0,0
50,Gus Bradley,3,2009-2011,0,0,0,0,,0,0,0,0,0,,2.3,1,0,0,0
51,Joe Brandy,1,1924,6,0,6,0,.000,-6,0,0,0,0,,16.0,16,0,0,0
52,Bob Bratkowski,14,1995-2010,0,0,0,0,,0,0,0,0,0,,2.9,1,0,0,0
53,Dave Brazil,2,1990-1991,0,0,0,0,,0,0,0,0,0,,1.5,1,0,0,0
54,Wayne Brenkert,2,1923-1924,10,3,7,0,.300,-4,0,0,0,0,,14.5,13,0,0,0
55,Chuck Bresnahan,8,2000-2011,0,0,0,0,,0,0,0,0,0,,1.6,1,0,0,0
56,Tom Bresnahan,5,1992-1996,0,0,0,0,,0,0,0,0,0,,1.8,1,0,0,0
57,Untz Brewer,1,1922,10,3,5,2,.375,-2,0,0,0,0,,10.0,10,0,0,0
58,Charlie Brickley,1,1921,2,0,2,0,.000,-2,0,0,0,0,,18.0,18,0,0,0
59,Frank Bridges,1,1944,5,0,5,0,.000,-5,0,0,0,0,,5.0,5,0,0,0
60,Marty Brill,1,1931,7,3,3,1,.500,0,0,0,0,0,,7.0,7,0,0,0
Rk,,Yrs,Yr-Yr,G,W,L,T,W-L%,G > .500,Yr plyf,G plyf,W plyf,L plyf,W-L%,AvRk,BstRk,Chmp,SBwl,Conf
61,Howard Brinker,4,1976-1979,0,0,0,0,,0,0,0,0,0,,2.8,1,0,0,0
62,Rich Brooks,6,1995-2000,32,13,19,0,.406,-6,0,0,0,0,,2.8,1,0,0,0
63,Kippy Brown,2,1998-1999,0,0,0,0,,0,0,0,0,0,,2.5,2,0,0,0
64,Paul Brown,25,1946-1975,326,213,104,9,.672,109,15,17,9,8,.529,2.0,1,7,0,0
65,Fred Bruney,4,1975-1990,1,1,0,0,1.000,1,0,0,0,0,,3.0,2,0,0,0
66,Johnny Bryan,2,1925-1926,15,2,13,0,.133,-11,0,0,0,0,,15.5,15,0,0,0
67,Joe Bugel,9,1981-1997,80,24,56,0,.300,-32,0,0,0,0,,3.9,1,0,0,0
68,Hank Bullough,12,1978-1993,22,4,18,0,.182,-14,0,0,0,0,,2.6,1,0,0,0
69,Jack Burns,2,1992-1993,0,0,0,0,,0,0,0,0,0,,1.5,1,0,0,0
70,Jerry Burns,24,1968-1991,95,52,43,0,.547,9,3,6,3,3,.500,1.9,1,0,0,0
71,Leon Burtnett,1,1991,0,0,0,0,,0,0,0,0,0,,5.0,5,0,0,0
72,Tom Cable,3,2008-2010,44,17,27,0,.386,-10,0,0,0,0,,3.0,3,0,0,0
73,Jim Caldwell,3,2009-2011,48,26,22,0,.542,4,2,4,2,2,.500,2.0,1,0,0,1
74,Troy Calhoun,1,2006,0,0,0,0,,0,0,0,0,0,,4.0,4,0,0,0
75,Bill Callahan,6,1998-2003,32,15,17,0,.469,-2,1,3,2,1,.667,1.8,1,0,0,1
76,Cam Cameron,10,2002-2011,16,1,15,0,.063,-14,0,0,0,0,,2.1,1,0,0,0
77,Hugh Campbell,2,1984-1985,30,8,22,0,.267,-14,0,0,0,0,,4.0,4,0,0,0
78,Marion Campbell,21,1969-1989,115,34,80,1,.298,-46,0,0,0,0,,3.2,1,0,0,0
79,Dave Campo,10,1995-2004,48,15,33,0,.313,-18,0,0,0,0,,3.0,1,0,0,0
80,Dom Capers,18,1992-2011,128,48,80,0,.375,-32,1,2,1,1,.500,2.6,1,0,0,0
81,Pete Carmichael,4,2000-2011,0,0,0,0,,0,0,0,0,0,,2.5,1,0,0,0
82,Pete Carroll,12,1990-2011,96,47,49,0,.490,-2,3,5,2,3,.400,2.8,1,0,0,0
83,Bud Carson,23,1972-1997,25,11,13,1,.458,-2,1,2,1,1,.500,2.5,1,0,0,0
84,Eddie Casey,1,1935,11,2,8,1,.200,-6,0,0,0,0,,4.0,4,0,0,0
85,Juan Castillo,1,2011,0,0,0,0,,0,0,0,0,0,,2.0,2,0,0,0
86,Pete Cawthon,2,1943-1944,15,2,13,0,.133,-11,0,0,0,0,,4.5,4,0,0,0
87,Guy Chamberlin+,6,1922-1927,81,58,16,7,.784,42,0,0,0,0,,3.2,1,4,0,0
88,Coonie Checkaye,1,1921,2,0,2,0,.000,-2,0,0,0,0,,18.0,18,0,0,0
89,Jack Chevigny,1,1932,10,2,6,2,.250,-4,0,0,0,0,,6.0,6,0,0,0
90,Brad Childress,9,2002-2010,74,39,35,0,.527,4,2,3,1,2,.333,1.9,1,0,0,0
Rk,,Yrs,Yr-Yr,G,W,L,T,W-L%,G > .500,Yr plyf,G plyf,W plyf,L plyf,W-L%,AvRk,BstRk,Chmp,SBwl,Conf
91,Norm Chow,3,2005-2007,0,0,0,0,,0,0,0,0,0,,2.7,2,0,0,0
92,Clyde Christensen,3,2001-2011,0,0,0,0,,0,0,0,0,0,,2.7,1,0,0,0
93,Jack Christiansen+,5,1963-1967,67,26,38,3,.406,-12,0,0,0,0,,5.0,3,0,0,0
94,Geep Chryst,2,1999-2000,0,0,0,0,,0,0,0,0,0,,4.0,3,0,0,0
95,Rob Chudzinski,4,2004-2011,0,0,0,0,,0,0,0,0,0,,3.0,1,0,0,0
96,Algy Clark,1,1934,8,0,8,0,.000,-8,0,0,0,0,,6.0,6,0,0,0
97,Dutch Clark+,6,1937-1942,66,30,34,2,.469,-4,0,0,0,0,,3.3,2,0,0,0
98,Monte Clark,9,1974-1984,119,51,67,1,.432,-16,2,2,0,2,.000,2.6,1,0,0,0
99,Potsy Clark,10,1931-1940,118,64,42,12,.604,22,1,1,1,0,1.000,2.6,1,1,0,0
100,Stan Cofall,1,1920,3,0,2,1,.000,-2,0,0,0,0,,10.0,10,0,0,0
101,Max Coley,6,1972-1977,0,0,0,0,,0,0,0,0,0,,2.3,2,0,0,0
102,Jim Colletto,1,2008,0,0,0,0,,0,0,0,0,0,,4.0,4,0,0,0
103,Blanton Collier,8,1963-1970,112,76,34,2,.691,42,5,7,3,4,.429,1.4,1,1,0,0
104,Joe Collier,22,1966-1992,30,13,16,1,.448,-3,1,1,0,1,.000,2.3,1,0,0,0
105,Bill Conkright,1,1962,9,1,8,0,.111,-7,0,0,0,0,,4.0,4,0,0,0
106,Jimmy Conzelman+,15,1921-1948,167,87,63,17,.580,24,2,2,1,1,.500,4.8,1,2,0,0
107,Walt Corey,9,1986-1994,0,0,0,0,,0,0,0,0,0,,1.8,1,0,0,0
108,Al Cornsweet,1,1931,10,2,8,0,.200,-6,0,0,0,0,,8.0,8,0,0,0
109,Don Coryell,14,1973-1986,195,111,83,1,.572,28,6,9,3,6,.333,2.5,1,0,0,0
110,Bruce Coslet,16,1986-2002,124,47,77,0,.379,-30,1,1,0,1,.000,3.4,1,0,0,0
111,Frank Coughlin,1,1921,2,0,1,1,.000,-1,0,0,0,0,,5.0,5,0,0,0
112,Tom Coughlin,16,1995-2011,256,142,114,0,.555,28,8,15,8,7,.533,2.3,1,1,1,1
113,Dick Coury,3,1991-1994,0,0,0,0,,0,0,0,0,0,,4.3,4,0,0,0
114,Bill Cowher,18,1989-2006,240,149,90,1,.623,59,10,21,12,9,.571,1.8,1,1,1,2
115,Larry Coyer,7,2003-2011,0,0,0,0,,0,0,0,0,0,,1.9,1,0,0,0
116,Milan Creighton,4,1935-1938,46,16,26,4,.381,-10,0,0,0,0,,4.0,3,0,0,0
117,Romeo Crennel,11,2000-2011,67,26,41,0,.388,-15,0,0,0,0,,2.6,1,0,0,0
118,Clem Crowe,2,1949-1950,18,5,12,1,.294,-7,1,1,0,1,.000,5.0,3,0,0,0
119,Jim Crowley,1,1947,10,0,10,0,.000,-10,0,0,0,0,,4.0,4,0,0,0
120,Gary Crowton,2,1999-2000,0,0,0,0,,0,0,0,0,0,,5.0,5,0,0,0
Rk,,Yrs,Yr-Yr,G,W,L,T,W-L%,G > .500,Yr plyf,G plyf,W plyf,L plyf,W-L%,AvRk,BstRk,Chmp,SBwl,Conf
121,Gunther Cunningham,16,1992-2011,32,16,16,0,.500,0,0,0,0,0,,2.6,1,0,0,0
122,Brian Daboll,3,2009-2011,0,0,0,0,,0,0,0,0,0,,3.3,3,0,0,0
123,Kay Dalton,2,1983-1984,0,0,0,0,,0,0,0,0,0,,4.0,4,0,0,0
124,Dan Daniel,2,1984-1985,0,0,0,0,,0,0,0,0,0,,4.5,4,0,0,0
125,Russ Daugherty,1,1927,10,4,4,2,.500,0,0,0,0,0,,7.0,7,0,0,0
126,Al Davis,3,1963-1965,42,23,16,3,.590,7,0,0,0,0,,2.3,2,0,0,0
127,Butch Davis,6,1993-2004,58,24,34,0,.414,-10,1,1,0,1,.000,2.5,1,0,0,0
128,Mouse Davis,2,1989-1990,0,0,0,0,,0,0,0,0,0,,2.5,2,0,0,0
129,Red Dawson,4,1946-1949,48,19,25,4,.432,-6,1,2,1,1,.500,2.0,1,0,0,0
130,Dudley DeGroot,4,1944-1947,45,26,16,3,.619,10,1,1,0,1,.000,2.5,1,0,0,0
131,Jack Del Rio,10,2002-2011,139,68,71,0,.489,-3,2,3,1,2,.333,2.8,2,0,0,0
132,Herb Dell,1,1922,8,0,8,0,.000,-8,0,0,0,0,,15.0,15,0,0,0
133,Rick Dennison,5,2006-2011,0,0,0,0,,0,0,0,0,0,,1.8,1,0,0,0
134,Jack Depler,3,1929-1931,38,12,21,5,.364,-9,0,0,0,0,,6.3,4,0,0,0
135,Dan Devine,4,1971-1974,56,25,27,4,.481,-2,1,1,0,1,.000,2.8,1,0,0,0
136,Hugh Devore,3,1953-1957,26,7,18,1,.280,-11,0,0,0,0,,5.7,5,0,0,0
137,Lone Star Dietz,2,1933-1934,24,11,11,2,.500,0,0,0,0,0,,2.5,2,0,0,0
138,Luby DiMeolo,1,1934,12,2,10,0,.167,-8,0,0,0,0,,5.0,5,0,0,0
139,Mike Ditka+,14,1982-1999,216,121,95,0,.560,26,7,12,6,6,.500,2.4,1,1,1,1
140,Mel Doherty,1,1921,4,1,3,0,.250,-2,0,0,0,0,,13.0,13,0,0,0
141,Ed Donatell,7,2000-2006,0,0,0,0,,0,0,0,0,0,,2.0,1,0,0,0
142,Aldo Donelli,2,1941-1944,15,4,11,0,.267,-7,0,0,0,0,,4.5,4,0,0,0
143,Jim Dooley,4,1968-1971,56,20,36,0,.357,-16,0,0,0,0,,3.0,2,0,0,0
144,Gus Dorais,5,1943-1947,53,20,31,2,.392,-11,0,0,0,0,,3.4,2,0,0,0
145,Jap Douds,1,1933,11,3,6,2,.333,-3,0,0,0,0,,5.0,5,0,0,0
146,Bob Dove,1,1946,5,2,2,1,.500,0,0,0,0,0,,4.0,4,0,0,0
147,Rod Dowhower,14,1980-2001,29,5,24,0,.172,-19,0,0,0,0,,3.4,1,0,0,0
148,Paddy Driscoll+,5,1920-1957,53,31,17,5,.646,14,1,1,0,1,.000,4.2,1,0,0,0
149,Walt Driskill,1,1949,8,1,7,0,.125,-6,0,0,0,0,,6.0,6,0,0,0
150,Chuck Drulis,2,1961-1972,2,2,0,0,1.000,2,0,0,0,0,,4.0,4,0,0,0
Rk,,Yrs,Yr-Yr,G,W,L,T,W-L%,G > .500,Yr plyf,G plyf,W plyf,L plyf,W-L%,AvRk,BstRk,Chmp,SBwl,Conf
151,Mark Duffner,2,2001-2002,0,0,0,0,,0,0,0,0,0,,4.5,4,0,0,0
152,Tony Dungy,22,1984-2008,208,139,69,0,.668,70,11,19,9,10,.474,2.0,1,1,1,1
153,George Dyer,3,1992-1994,0,0,0,0,,0,0,0,0,0,,3.7,3,0,0,0
154,Jim Eddy,4,1990-1996,0,0,0,0,,0,0,0,0,0,,2.3,1,0,0,0
155,Bill Edwards,2,1941-1942,14,4,9,1,.308,-5,0,0,0,0,,4.0,3,0,0,0
156,Cap Edwards,2,1921-1925,24,10,10,4,.500,0,0,0,0,0,,8.0,4,0,0,0
157,George Edwards,3,2003-2011,0,0,0,0,,0,0,0,0,0,,3.3,3,0,0,0
158,Herman Edwards,8,2001-2008,128,54,74,0,.422,-20,4,6,2,4,.333,2.8,1,0,0,0
159,Turk Edwards+,3,1946-1948,35,16,18,1,.471,-2,0,0,0,0,,3.0,2,0,0,0
160,Lew Erber,3,1982-1984,0,0,0,0,,0,0,0,0,0,,2.3,2,0,0,0
161,Eddie Erdelatz,2,1960-1961,16,6,10,0,.375,-4,0,0,0,0,,3.5,3,0,0,0
162,Ron Erhardt,19,1977-1996,49,21,28,0,.429,-7,0,0,0,0,,2.2,1,0,0,0
163,Dennis Erickson,6,1995-2004,96,40,56,0,.417,-16,0,0,0,0,,3.2,2,0,0,0
164,Hal Erickson,1,1924,13,5,8,0,.385,-3,0,0,0,0,,12.0,12,0,0,0
165,Charley Ewart,1,1949,12,1,10,1,.091,-9,0,0,0,0,,5.0,5,0,0,0
166,Weeb Ewbank,20,1954-1973,266,130,129,7,.502,1,4,5,4,1,.800,2.9,1,3,1,1
167,Chuck Fairbanks,6,1973-1978,85,46,39,0,.541,7,2,2,0,2,.000,2.5,1,0,0,0
168,Steve Fairchild,5,2003-2007,0,0,0,0,,0,0,0,0,0,,2.0,1,0,0,0
169,Guil Falcon,3,1920-1923,25,10,10,5,.500,0,0,0,0,0,,8.3,4,0,0,0
170,Vic Fangio,12,1995-2011,0,0,0,0,,0,0,0,0,0,,2.7,1,0,0,0
171,Joe Faragalli,1,1985,0,0,0,0,,0,0,0,0,0,,4.0,4,0,0,0
172,Jim Fassel,13,1992-2006,112,58,53,1,.523,5,3,5,2,3,.400,2.8,1,0,0,1
173,Jack Faulkner,3,1962-1964,32,9,22,1,.290,-13,0,0,0,0,,3.3,2,0,0,0
174,Frank Fausch,2,1921-1922,8,3,5,0,.375,-2,0,0,0,0,,10.5,6,0,0,0
175,Foge Fazio,6,1996-2002,0,0,0,0,,0,0,0,0,0,,2.2,1,0,0,0
176,Tom Fears+,6,1967-1972,49,13,34,2,.277,-21,0,0,0,0,,3.7,3,0,0,0
177,Marty Feldman,2,1961-1962,17,2,15,0,.118,-13,0,0,0,0,,4.0,4,0,0,0
178,Perry Fewell,6,2006-2011,7,3,4,0,.429,-1,0,0,0,0,,2.7,1,0,0,0
179,Frank Filchock,2,1960-1961,28,7,20,1,.259,-13,0,0,0,0,,3.5,3,0,0,0
180,Jack Fish,1,1930,6,1,4,1,.200,-3,0,0,0,0,,11.0,11,0,0,0
Rk,,Yrs,Yr-Yr,G,W,L,T,W-L%,G > .500,Yr plyf,G plyf,W plyf,L plyf,W-L%,AvRk,BstRk,Chmp,SBwl,Conf
181,Jeff Fisher,20,1989-2010,262,142,120,0,.542,22,6,11,5,6,.455,2.5,1,0,0,1
182,Ray Flaherty+,11,1936-1949,122,80,37,5,.684,43,6,6,2,4,.333,1.8,1,2,0,0
183,Ken Flajole,3,2009-2011,0,0,0,0,,0,0,0,0,0,,3.0,1,0,0,0
184,Tom Flores,12,1979-1994,184,97,87,0,.527,10,5,11,8,3,.727,3.1,1,2,2,2
185,Chris Foerster,1,2004,0,0,0,0,,0,0,0,0,0,,4.0,4,0,0,0
186,Bob Folwell,1,1925,12,8,4,0,.667,4,0,0,0,0,,4.0,4,0,0,0
187,Wayne Fontes,15,1982-1996,133,66,67,0,.496,-1,4,5,1,4,.200,2.9,1,0,0,0
188,Jack Forsyth,2,1920-1921,16,8,6,2,.571,2,0,0,0,0,,8.5,7,0,0,0
189,Rick Forzano,3,1974-1976,32,15,17,0,.469,-2,0,0,0,0,,2.3,2,0,0,0
190,John Fox,17,1994-2011,160,81,79,0,.506,2,3,8,5,3,.625,2.2,1,0,0,1
191,Chet Franklin,2,1975-1976,0,0,0,0,,0,0,0,0,0,,3.5,3,0,0,0
192,Leslie Frazier,7,2003-2011,22,6,16,0,.273,-10,0,0,0,0,,2.4,1,0,0,0
193,Ralph Friedgen,3,1994-1996,0,0,0,0,,0,0,0,0,0,,2.0,1,0,0,0
194,Benny Friedman+,2,1930-1932,14,5,9,0,.357,-4,0,0,0,0,,4.0,2,0,0,0
195,Chan Gailey,11,1989-2011,64,28,36,0,.438,-8,2,2,0,2,.000,2.2,1,0,0,0
196,Frank Gansz,2,1987-1988,31,8,22,1,.267,-14,0,0,0,0,,5.0,5,0,0,0
197,Joe Gardi,4,1981-1984,0,0,0,0,,0,0,0,0,0,,2.8,2,0,0,0
198,Budge Garrett,1,1922,6,2,1,3,.667,1,0,0,0,0,,11.0,11,0,0,0
199,Jason Garrett,5,2007-2011,24,13,11,0,.542,2,0,0,0,0,,2.2,1,0,0,0
200,Mike Getto,1,1942,11,3,8,0,.273,-5,0,0,0,0,,4.0,4,0,0,0
201,Gary Gibbs,3,2006-2008,0,0,0,0,,0,0,0,0,0,,2.3,1,0,0,0
202,Joe Gibbs,19,1978-2007,248,154,94,0,.621,60,10,24,17,7,.708,2.2,1,3,3,4
203,Abe Gibron,4,1972-1976,42,11,30,1,.268,-19,0,0,0,0,,4.3,4,0,0,0
204,Bob Gibson,2,1977-1978,0,0,0,0,,0,0,0,0,0,,4.0,4,0,0,0
205,George Gibson,1,1930,14,3,10,1,.231,-7,0,0,0,0,,9.5,9,0,0,0
206,Kevin Gilbride,18,1990-2011,22,6,16,0,.273,-10,0,0,0,0,,2.6,1,0,0,0
207,Fred Gillies,1,1928,6,1,5,0,.167,-4,0,0,0,0,,9.0,9,0,0,0
208,Sid Gillman,18,1955-1974,228,122,99,7,.552,23,6,6,1,5,.167,2.6,1,1,0,0
209,Hank Gillo,1,1920,7,2,5,0,.286,-3,0,0,0,0,,11.0,11,0,0,0
210,Harry Gilmer,2,1965-1966,28,10,16,2,.385,-6,0,0,0,0,,6.0,6,0,0,0
Rk,,Yrs,Yr-Yr,G,W,L,T,W-L%,G > .500,Yr plyf,G plyf,W plyf,L plyf,W-L%,AvRk,BstRk,Chmp,SBwl,Conf
211,Peter Giunta,3,1998-2000,0,0,0,0,,0,0,0,0,0,,2.0,1,0,0,0
212,Jerry Glanville,14,1979-1993,129,60,69,0,.465,-9,4,7,3,4,.429,2.7,1,0,0,0
213,Archie Golembeski,1,1925,12,6,5,1,.545,1,0,0,0,0,,10.0,10,0,0,0
214,Doug Graber,3,1987-1989,0,0,0,0,,0,0,0,0,0,,4.0,3,0,0,0
215,Otto Graham+,3,1966-1968,42,17,22,3,.436,-5,0,0,0,0,,3.7,3,0,0,0
216,Bud Grant,18,1967-1985,259,158,96,5,.622,62,12,22,10,12,.455,1.8,1,0,0,4
217,Todd Grantham,3,2005-2007,0,0,0,0,,0,0,0,0,0,,2.7,1,0,0,0
218,Jerry Gray,6,2001-2011,0,0,0,0,,0,0,0,0,0,,3.3,2,0,0,0
219,Dennis Green,13,1992-2006,207,113,94,0,.546,19,8,12,4,8,.333,2.4,1,0,0,0
220,Forrest Gregg+,11,1975-1987,161,75,85,1,.469,-10,2,4,2,2,.500,2.8,1,0,0,1
221,Hal Griffen,1,1930,14,5,6,3,.455,-1,0,0,0,0,,7.0,7,0,0,0
222,Tex Grigg,1,1925,7,0,6,1,.000,-6,0,0,0,0,,16.0,16,0,0,0
223,Al Groh,6,1991-2000,16,9,7,0,.563,2,0,0,0,0,,2.8,1,0,0,0
224,Jay Gruden,1,2011,0,0,0,0,,0,0,0,0,0,,3.0,3,0,0,0
225,Jon Gruden,14,1995-2008,176,95,81,0,.540,14,5,9,5,4,.556,2.1,1,1,1,1
226,Paul Hackett,9,1993-2004,0,0,0,0,,0,0,0,0,0,,1.8,1,0,0,0
227,Joe Haering,1,1995,0,0,0,0,,0,0,0,0,0,,2.0,2,0,0,0
228,Hinkey Haines,1,1931,4,1,3,0,.250,-2,0,0,0,0,,7.0,7,0,0,0
229,George Halas+,40,1920-1967,497,318,148,31,.682,170,8,9,6,3,.667,2.7,1,6,0,0
230,Todd Haley,5,2007-2011,45,19,26,0,.422,-7,1,1,0,1,.000,2.7,1,0,0,0
231,Phil Handler,5,1943-1951,38,4,34,0,.105,-30,0,0,0,0,,4.6,3,0,0,0
232,Ray Handley,2,1991-1992,32,14,18,0,.438,-4,0,0,0,0,,4.0,4,0,0,0
233,Jim Hanifan,7,1980-1989,93,39,53,1,.424,-14,1,1,0,1,.000,3.7,2,0,0,0
234,Bo Hanley,1,1924,5,0,4,1,.000,-4,0,0,0,0,,16.0,16,0,0,0
235,Dick Hanley,1,1946,3,1,1,1,.500,0,0,0,0,0,,4.0,4,0,0,0
236,Hal Hanson,1,1932,12,2,7,3,.222,-5,0,0,0,0,,8.0,8,0,0,0
237,Jim Harbaugh,1,2011,16,13,3,0,.813,10,,,,,,1.0,1,0,0,0
238,John Harbaugh,4,2008-2011,64,44,20,0,.688,24,3,7,4,3,.571,1.5,1,0,0,0
239,Chick Harris,1,1994,0,0,0,0,,0,0,0,0,0,,4.0,4,0,0,0
240,Gil Haskell,11,1998-2008,0,0,0,0,,0,0,0,0,0,,2.1,1,0,0,0
Rk,,Yrs,Yr-Yr,G,W,L,T,W-L%,G > .500,Yr plyf,G plyf,W plyf,L plyf,W-L%,AvRk,BstRk,Chmp,SBwl,Conf
241,Jim Haslett,15,1996-2011,108,47,61,0,.435,-14,1,2,1,1,.500,3.0,1,0,0,0
242,Ralph Hawkins,2,1980-1989,0,0,0,0,,0,0,0,0,0,,5.0,5,0,0,0
243,Norb Hecker,3,1966-1968,31,4,26,1,.133,-22,0,0,0,0,,5.0,4,0,0,0
244,Ernie Hefferle,1,1975,8,1,7,0,.125,-6,0,0,0,0,,4.0,4,0,0,0
245,Jack Hegarty,1,1921,3,1,2,0,.333,-1,0,0,0,0,,12.0,12,0,0,0
246,Mike Heimerdinger,9,2000-2010,0,0,0,0,,0,0,0,0,0,,2.3,1,0,0,0
247,Mel Hein+,1,1947,3,2,1,0,.667,1,0,0,0,0,,3.0,3,0,0,0
248,Jack Heldt,1,1926,7,1,6,0,.143,-5,0,0,0,0,,19.0,19,0,0,0
249,Donnie Henderson,3,2004-2006,0,0,0,0,,0,0,0,0,0,,3.3,2,0,0,0
250,Gus Henderson,1,1939,11,6,5,0,.545,1,0,0,0,0,,3.0,3,0,0,0
251,Dutch Hendrian,1,1923,5,0,5,0,.000,-5,0,0,0,0,,16.0,16,0,0,0
252,Dan Henning,19,1983-2010,112,38,73,1,.342,-35,0,0,0,0,,3.1,1,0,0,0
253,Pete Henry+,2,1926-1928,23,3,17,3,.150,-14,0,0,0,0,,14.0,8,0,0,0
254,George Henshaw,5,1992-1996,0,0,0,0,,0,0,0,0,0,,3.2,2,0,0,0
255,Wally Hess,3,1922-1924,18,3,12,3,.200,-9,0,0,0,0,,13.3,10,0,0,0
256,Red Hickey,5,1959-1963,55,27,27,1,.500,0,0,0,0,0,,4.4,2,0,0,0
257,Max Hicks,1,1921,5,1,3,1,.250,-2,0,0,0,0,,13.0,13,0,0,0
258,Austin Higgins,1,1921,2,0,2,0,.000,-2,0,0,0,0,,18.0,18,0,0,0
259,George Hill,8,1985-1999,0,0,0,0,,0,0,0,0,0,,2.9,1,0,0,0
260,Bob Hollway,11,1971-1985,28,8,18,2,.308,-10,0,0,0,0,,3.0,1,0,0,0
261,Mike Holmgren,20,1989-2008,272,161,111,0,.592,50,12,24,13,11,.542,1.7,1,1,1,3
262,Mike Holovak,9,1961-1976,108,52,47,9,.525,5,1,2,1,1,.500,2.8,1,0,0,0
263,Lou Holtz,1,1976,13,3,10,0,.231,-7,0,0,0,0,,4.0,4,0,0,0
264,Ray Horton,1,2011,0,0,0,0,,0,0,0,0,0,,2.0,2,0,0,0
265,Arnie Horween,2,1923-1924,22,13,8,1,.619,5,0,0,0,0,,7.0,6,0,0,0
266,Jim Hostler,1,2007,0,0,0,0,,0,0,0,0,0,,3.0,3,0,0,0
267,Jim Lee Howell,7,1954-1960,84,53,27,4,.663,26,3,4,2,2,.500,2.0,1,1,0,0
268,Tommy Hudspeth,2,1976-1977,24,11,13,0,.458,-2,0,0,0,0,,3.0,3,0,0,0
269,Ken Huffine,1,1920,1,0,1,0,.000,-1,0,0,0,0,,14.0,14,0,0,0
270,Ed Hughes,9,1971-1988,14,4,9,1,.308,-5,0,0,0,0,,2.0,1,0,0,0
Rk,,Yrs,Yr-Yr,G,W,L,T,W-L%,G > .500,Yr plyf,G plyf,W plyf,L plyf,W-L%,AvRk,BstRk,Chmp,SBwl,Conf
271,Tommy Hughitt,5,1920-1924,56,34,15,7,.694,19,0,0,0,0,,6.0,1,0,0,0
272,Hal Hunter,1,1984,1,0,1,0,.000,-1,0,0,0,0,,4.0,4,0,0,0
273,John Idzik,4,1976-1979,0,0,0,0,,0,0,0,0,0,,3.5,3,0,0,0
274,Tut Imlay,1,1926,10,6,3,1,.667,3,0,0,0,0,,6.0,6,0,0,0
275,Lindy Infante,10,1982-1997,96,36,60,0,.375,-24,1,1,0,1,.000,2.4,1,0,0,0
276,Cecil Isbell,4,1947-1951,34,10,23,1,.303,-13,1,1,0,1,.000,4.3,1,0,0,0
277,Pop Ivy,6,1958-1963,76,32,42,2,.432,-10,1,1,0,1,.000,3.8,1,0,0,0
278,Hue Jackson,4,2003-2011,16,8,8,0,.500,0,0,0,0,0,,2.8,1,0,0,0
279,Milt Jackson,1,1991,0,0,0,0,,0,0,0,0,0,,5.0,5,0,0,0
280,Jeff Jagodzinski,1,2006,0,0,0,0,,0,0,0,0,0,,2.0,2,0,0,0
281,Dick Jauron,16,1995-2011,142,60,82,0,.423,-22,1,1,0,1,.000,3.1,1,0,0,0
282,Herb Joesting,1,1929,10,1,9,0,.100,-8,0,0,0,0,,11.0,11,0,0,0
283,Bill Johnson,3,1976-1978,33,18,15,0,.545,3,0,0,0,0,,2.3,1,0,0,0
284,Harvey Johnson,2,1968-1971,26,2,23,1,.080,-21,0,0,0,0,,5.0,5,0,0,0
285,Jim Johnson,14,1994-2008,0,0,0,0,,0,0,0,0,0,,2.5,1,0,0,0
286,Jimmy Johnson,9,1989-1999,144,80,64,0,.556,16,6,13,9,4,.692,2.7,1,2,2,2
287,Luke Johnsos,4,1942-1945,36,23,11,2,.676,12,2,2,1,1,.500,2.0,1,1,0,0
288,Al Jolley,2,1929-1933,12,1,10,1,.091,-9,0,0,0,0,,7.0,4,0,0,0
289,June Jones,7,1991-1998,58,22,36,0,.379,-14,1,1,0,1,.000,3.0,2,0,0,0
290,Ralph Jones,3,1930-1932,41,24,10,7,.706,14,0,0,0,0,,2.3,1,1,0,0
291,Ronnie Jones,2,1994-1995,0,0,0,0,,0,0,0,0,0,,4.0,3,0,0,0
292,Bull Karcis,1,1942,8,0,8,0,.000,-8,0,0,0,0,,5.0,5,0,0,0
293,Jim Kendrick,2,1923-1926,13,4,7,2,.364,-3,0,0,0,0,,14.0,9,0,0,0
294,Larry Kennan,6,1989-1997,0,0,0,0,,0,0,0,0,0,,3.5,1,0,0,0
295,Jack Keogh,1,1926,10,3,7,0,.300,-4,0,0,0,0,,13.0,13,0,0,0
296,Ed Khayat,2,1971-1972,25,8,15,2,.348,-7,0,0,0,0,,4.0,3,0,0,0
297,Walt Kiesling+,9,1939-1956,90,30,55,5,.353,-25,0,0,0,0,,4.1,2,0,0,0
298,Lane Kiffin,2,2007-2008,20,5,15,0,.250,-10,0,0,0,0,,3.0,3,0,0,0
299,Monte Kiffin,15,1991-2008,0,0,0,0,,0,0,0,0,0,,2.5,1,0,0,0
300,Greg Knapp,9,2001-2009,0,0,0,0,,0,0,0,0,0,,2.4,1,0,0,0
Rk,,Yrs,Yr-Yr,G,W,L,T,W-L%,G > .500,Yr plyf,G plyf,W plyf,L plyf,W-L%,AvRk,BstRk,Chmp,SBwl,Conf
301,Chuck Knox,22,1973-1994,334,186,147,1,.559,39,11,18,7,11,.389,2.5,1,0,0,0
302,Dirk Koetter,5,2007-2011,0,0,0,0,,0,0,0,0,0,,3.0,2,0,0,0
303,Herb Kopf,3,1944-1946,31,7,22,2,.241,-15,0,0,0,0,,4.0,3,0,0,0
304,Walt Koppisch,1,1925,9,1,6,2,.143,-5,0,0,0,0,,15.0,15,0,0,0
305,Rich Kotite,12,1985-1996,96,40,56,0,.417,-16,1,2,1,1,.500,3.5,2,0,0,0
306,Ollie Kraehe,1,1923,7,1,4,2,.200,-3,0,0,0,0,,14.0,14,0,0,0
307,Ed Kubale,1,1944,5,0,5,0,.000,-5,0,0,0,0,,5.0,5,0,0,0
308,Gary Kubiak,17,1995-2011,96,47,49,0,.490,-2,0,0,0,0,,2.4,1,0,0,0
309,Joe Kuharich,11,1952-1968,142,58,81,3,.417,-23,0,0,0,0,,3.5,2,0,0,0
310,Hank Kuhlmann,2,1989-1991,5,0,5,0,.000,-5,0,0,0,0,,4.5,4,0,0,0
311,Frank Kush,3,1982-1984,40,11,28,1,.282,-17,0,0,0,0,,4.3,4,0,0,0
312,Jim Laird,1,1926,13,5,7,1,.417,-2,0,0,0,0,,11.0,11,0,0,0
313,Curly Lambeau+,33,1921-1953,380,226,132,22,.631,94,5,5,3,2,.600,3.2,1,6,0,0
314,Tom Landry+,35,1954-1988,418,250,162,6,.607,88,18,36,20,16,.556,2.2,1,2,2,5
315,Dick LeBeau+,24,1984-2011,45,12,33,0,.267,-21,0,0,0,0,,2.6,1,0,0,0
316,Wally Lemm,10,1961-1970,135,64,64,7,.500,0,3,3,1,2,.333,3.0,1,1,0,0
317,Jim Leonard,1,1945,10,2,8,0,.200,-6,0,0,0,0,,5.0,5,0,0,0
318,John Levra,1,1985,0,0,0,0,,0,0,0,0,0,,3.0,3,0,0,0
319,Dave Levy,4,1987-1994,0,0,0,0,,0,0,0,0,0,,1.8,1,0,0,0
320,Marv Levy,17,1978-1997,255,143,112,0,.561,31,8,19,11,8,.579,2.6,1,0,0,4
321,Art Lewis,1,1938,8,4,4,0,.500,0,0,0,0,0,,4.0,4,0,0,0
322,Marvin Lewis,16,1996-2011,144,69,74,1,.483,-5,2,2,0,2,.000,2.9,1,0,0,0
323,Jim Lind,1,1999,0,0,0,0,,0,0,0,0,0,,1.0,1,0,0,0
324,Scott Linehan,10,2002-2011,36,11,25,0,.306,-14,0,0,0,0,,2.7,2,0,0,0
325,Vince Lombardi,15,1954-1969,136,96,34,6,.738,62,6,10,9,1,.900,1.7,1,5,2,2
326,Steve Loney,1,2005,0,0,0,0,,0,0,0,0,0,,2.0,2,0,0,0
327,Ron Lynn,11,1986-1996,0,0,0,0,,0,0,0,0,0,,4.1,3,0,0,0
328,Leo Lyons,2,1923-1924,7,0,7,0,.000,-7,0,0,0,0,,17.5,16,0,0,0
329,John Mackovic,4,1983-1986,64,30,34,0,.469,-4,1,1,0,1,.000,3.8,2,0,0,0
330,Dick MacPherson,2,1991-1992,32,8,24,0,.250,-16,0,0,0,0,,4.5,4,0,0,0
Rk,,Yrs,Yr-Yr,G,W,L,T,W-L%,G > .500,Yr plyf,G plyf,W plyf,L plyf,W-L%,AvRk,BstRk,Chmp,SBwl,Conf
331,John Madden,10,1969-1978,142,103,32,7,.763,71,8,16,9,7,.563,1.3,1,1,1,1
332,Lou Mahrt,1,1927,8,1,6,1,.143,-5,0,0,0,0,,10.0,10,0,0,0
333,Ray Malavasi,6,1966-1982,85,44,41,0,.518,3,3,6,3,3,.500,2.5,1,0,0,1
334,Eric Mangini,6,2005-2010,80,33,47,0,.413,-14,1,1,0,1,.000,2.7,1,0,0,0
335,Pete Mangurian,1,2003,0,0,0,0,,0,0,0,0,0,,4.0,4,0,0,0
336,Greg Manusky,5,2007-2011,0,0,0,0,,0,0,0,0,0,,2.2,1,0,0,0
337,Ted Marchibroda,20,1975-1998,186,87,98,1,.470,-11,4,6,2,4,.333,3.1,1,0,0,0
338,Rod Marinelli,5,2006-2011,48,10,38,0,.208,-28,0,0,0,0,,3.0,1,0,0,0
339,Steve Mariucci,9,1997-2005,139,72,67,0,.518,5,4,7,3,4,.429,2.7,1,0,0,0
340,Larry Marmie,6,2000-2005,0,0,0,0,,0,0,0,0,0,,3.3,2,0,0,0
341,Billy Marshall,2,1920-1921,15,3,8,4,.273,-5,0,0,0,0,,12.5,9,0,0,0
342,John Marshall,13,1983-2010,0,0,0,0,,0,0,0,0,0,,2.6,1,0,0,0
343,Josh Marshall,1,2008,0,0,0,0,,0,0,0,0,0,,3.0,3,0,0,0
344,Don Martindale,1,2010,0,0,0,0,,0,0,0,0,0,,4.0,4,0,0,0
345,Mike Martz,12,1999-2011,85,53,32,0,.624,21,4,7,3,4,.429,1.9,1,0,0,1
346,Ned Mathews,1,1946,5,2,2,1,.500,0,0,0,0,0,,4.0,4,0,0,0
347,Billie Matthews,2,1985-1986,0,0,0,0,,0,0,0,0,0,,4.5,4,0,0,0
348,Greg Mattison,2,2009-2010,0,0,0,0,,0,0,0,0,0,,1.5,1,0,0,0
349,John Mazur,6,1970-1980,30,9,21,0,.300,-12,0,0,0,0,,4.2,3,0,0,0
350,Don McCafferty,4,1970-1973,47,28,17,2,.622,11,2,5,4,1,.800,2.0,1,1,1,1
351,Mike McCarthy,12,2000-2011,96,63,33,0,.656,30,3,7,5,2,.714,2.2,1,1,1,1
352,Mike McCormack+,6,1973-1982,81,29,51,1,.363,-22,0,0,0,0,,3.8,3,0,0,0
353,Mike McCoy,3,2009-2011,0,0,0,0,,0,0,0,0,0,,2.3,1,0,0,0
354,Pete McCulley,1,1978,9,1,8,0,.111,-7,0,0,0,0,,4.0,4,0,0,0
355,Josh McDaniels,6,2006-2011,28,11,17,0,.393,-6,0,0,0,0,,2.2,1,0,0,0
356,Sean McDermott,3,2009-2011,0,0,0,0,,0,0,0,0,0,,1.7,1,0,0,0
357,Cap McEwan,2,1933-1934,21,9,11,1,.450,-2,0,0,0,0,,2.5,2,0,0,0
358,Alfred McGall,1,1930,3,0,3,0,.000,-3,0,0,0,0,,11.0,11,0,0,0
359,Dave McGinnis,8,1996-2003,57,17,40,0,.298,-23,0,0,0,0,,4.0,2,0,0,0
360,Wally McIlwain,1,1926,2,0,2,0,.000,-2,0,0,0,0,,16.0,16,0,0,0
Rk,,Yrs,Yr-Yr,G,W,L,T,W-L%,G > .500,Yr plyf,G plyf,W plyf,L plyf,W-L%,AvRk,BstRk,Chmp,SBwl,Conf
361,John McKay,9,1976-1984,133,44,88,1,.333,-44,3,4,1,3,.250,3.4,1,0,0,0
362,Ed McKeever,1,1948,14,1,13,0,.071,-12,0,0,0,0,,4.0,4,0,0,0
363,Ray McLean,2,1953-1958,14,1,12,1,.077,-11,0,0,0,0,,6.0,6,0,0,0
364,Greg McMackin,4,1995-1998,0,0,0,0,,0,0,0,0,0,,3.0,2,0,0,0
365,Bo McMillin,4,1948-1951,38,14,24,0,.368,-10,0,0,0,0,,4.5,4,0,0,0
366,Johnny McNally+,3,1937-1939,25,6,19,0,.240,-13,0,0,0,0,,4.0,3,0,0,0
367,Bill McPeak,6,1961-1973,70,21,46,3,.313,-25,0,0,0,0,,4.2,1,0,0,0
368,Bill McPherson,5,1989-1993,0,0,0,0,,0,0,0,0,0,,1.2,1,0,0,0
369,John McVay,3,1976-1978,37,14,23,0,.378,-9,0,0,0,0,,4.3,4,0,0,0
370,Jack Meagher,1,1946,6,1,5,0,.167,-4,0,0,0,0,,4.0,4,0,0,0
371,Ron Meeks,9,2002-2010,0,0,0,0,,0,0,0,0,0,,1.8,1,0,0,0
372,Harry Mehre,1,1923,9,2,5,2,.286,-3,0,0,0,0,,13.0,13,0,0,0
373,Ken Meyer,4,1977-1980,14,5,9,0,.357,-4,0,0,0,0,,2.5,1,0,0,0
374,Ron Meyer,9,1982-1991,104,54,50,0,.519,4,2,2,0,2,.000,2.8,1,0,0,0
375,Walt Michaels,6,1977-1982,87,39,47,1,.453,-8,2,4,2,2,.500,3.2,2,0,0,0
376,John Michelosen,4,1948-1951,48,20,26,2,.435,-6,0,0,0,0,,3.0,2,0,0,0
377,Keith Millard,1,2011,0,0,0,0,,0,0,0,0,0,,4.0,4,0,0,0
378,Mike Miller,1,2011,0,0,0,0,,0,0,0,0,0,,2.0,2,0,0,0
379,Red Miller,4,1977-1980,62,40,22,0,.645,18,3,5,2,3,.400,1.8,1,0,0,1
380,Wayne Millner+,1,1951,10,2,8,0,.200,-6,0,0,0,0,,5.0,5,0,0,0
381,Curtis Modkins,2,2010-2011,0,0,0,0,,0,0,0,0,0,,3.5,3,0,0,0
382,Dick Modzelewski,7,1976-1987,1,0,1,0,.000,-1,0,0,0,0,,3.3,2,0,0,0
383,Gary Moeller,2,2000-2001,7,4,3,0,.571,1,0,0,0,0,,4.0,3,0,0,0
384,Keith Molesworth,1,1953,12,3,9,0,.250,-6,0,0,0,0,,5.0,5,0,0,0
385,Jim Mora,4,2004-2009,64,31,33,0,.484,-2,1,2,1,1,.500,2.5,1,0,0,0
386,Jim Mora,18,1982-2003,231,125,106,0,.541,19,6,6,0,6,.000,2.6,1,0,0,0
387,Charley Moran,1,1927,8,2,5,1,.286,-3,0,0,0,0,,7.0,7,0,0,0
388,Marty Mornhinweg,12,1997-2011,32,5,27,0,.156,-22,0,0,0,0,,2.6,1,0,0,0
389,Raheem Morris,3,2009-2011,48,17,31,0,.354,-14,0,0,0,0,,3.6,3,0,0,0
390,Bill Muir,10,1989-2011,0,0,0,0,,0,0,0,0,0,,2.6,1,0,0,0
Rk,,Yrs,Yr-Yr,G,W,L,T,W-L%,G > .500,Yr plyf,G plyf,W plyf,L plyf,W-L%,AvRk,BstRk,Chmp,SBwl,Conf
391,Mike Mularkey,10,2001-2011,32,14,18,0,.438,-4,0,0,0,0,,2.2,1,0,0,0
392,Brick Muller,1,1926,10,6,3,1,.667,3,0,0,0,0,,6.0,6,0,0,0
393,Johnny Murphy,1,1924,4,0,4,0,.000,-4,0,0,0,0,,16.0,16,0,0,0
394,Bill Musgrave,4,2000-2011,0,0,0,0,,0,0,0,0,0,,3.0,2,0,0,0
395,Jim Myers,4,1973-1976,0,0,0,0,,0,0,0,0,0,,1.8,1,0,0,0
396,Greasy Neale,10,1941-1950,111,63,43,5,.594,20,3,4,3,1,.750,2.4,1,2,0,0
397,Al Nesser,1,1926,2,0,1,1,.000,-1,0,0,0,0,,16.0,16,0,0,0
398,Ted Nesser,2,1920-1921,19,3,14,2,.176,-11,0,0,0,0,,15.0,13,0,0,0
399,Ernie Nevers+,4,1927-1939,41,12,27,2,.308,-15,0,0,0,0,,6.8,4,0,0,0
400,Nick Nicolau,3,1992-1994,0,0,0,0,,0,0,0,0,0,,3.7,3,0,0,0
401,Frank Nied,1,1926,6,1,3,2,.250,-2,0,0,0,0,,16.0,16,0,0,0
402,Mike Nixon,3,1959-1965,38,6,30,2,.167,-24,0,0,0,0,,6.0,5,0,0,0
403,Dick Nolan,12,1968-1981,156,69,82,5,.457,-13,3,5,2,3,.400,2.4,1,0,0,0
404,Mike Nolan,18,1993-2011,55,18,37,0,.327,-19,0,0,0,0,,2.7,1,0,0,0
405,Chuck Noll+,23,1969-1991,342,193,148,1,.566,45,12,24,16,8,.667,1.9,1,4,4,4
406,John North,3,1973-1975,34,11,23,0,.324,-12,0,0,0,0,,3.3,3,0,0,0
407,Bill O'Brien,1,2011,0,0,0,0,,0,0,0,0,0,,1.0,1,0,0,0
408,Fred O'Connor,1,1978,7,1,6,0,.143,-5,0,0,0,0,,4.0,4,0,0,0
409,George O'Leary,1,2003,0,0,0,0,,0,0,0,0,0,,2.0,2,0,0,0
410,Tom Olivadotti,9,1987-1995,0,0,0,0,,0,0,0,0,0,,2.1,1,0,0,0
411,Greg Olson,6,2005-2011,0,0,0,0,,0,0,0,0,0,,3.3,2,0,0,0
412,Rich Olson,2,2001-2002,0,0,0,0,,0,0,0,0,0,,3.5,3,0,0,0
413,Steve Owen+,23,1931-1953,268,151,100,17,.602,51,10,10,2,8,.200,2.3,1,2,0,0
414,Fred Pagac,2,2010-2011,0,0,0,0,,0,0,0,0,0,,3.5,3,0,0,0
415,Chuck Pagano,1,2011,0,0,0,0,,0,0,0,0,0,,1.0,1,0,0,0
416,Mike Palm,1,1933,7,3,3,1,.500,0,0,0,0,0,,4.0,4,0,0,0
417,Chris Palmer,9,1997-2011,32,5,27,0,.156,-22,0,0,0,0,,3.3,1,0,0,0
418,Bill Parcells,22,1979-2006,303,172,130,1,.570,42,10,19,11,8,.579,2.5,1,2,2,3
419,Jack Pardee,12,1975-1994,164,87,77,0,.530,10,5,6,1,5,.167,2.1,1,0,0,0
420,Buddy Parker,15,1949-1964,188,104,75,9,.581,29,3,4,3,1,.750,3.2,1,2,0,0
Rk,,Yrs,Yr-Yr,G,W,L,T,W-L%,G > .500,Yr plyf,G plyf,W plyf,L plyf,W-L%,AvRk,BstRk,Chmp,SBwl,Conf
421,Joe Pascale,6,1990-2001,0,0,0,0,,0,0,0,0,0,,4.5,3,0,0,0
422,Paul Pasqualoni,3,2008-2010,0,0,0,0,,0,0,0,0,0,,2.3,1,0,0,0
423,Jack Patera,7,1976-1982,94,35,59,0,.372,-24,0,0,0,0,,3.9,2,0,0,0
424,John Paul,1,1987,0,0,0,0,,0,0,0,0,0,,5.0,5,0,0,0
425,Sean Payton,9,2000-2011,96,62,34,0,.646,28,3,6,4,2,.667,1.9,1,1,1,1
426,John Pease,1,2002,0,0,0,0,,0,0,0,0,0,,3.0,3,0,0,0
427,Larry Peccatiello,20,1978-2000,0,0,0,0,,0,0,0,0,0,,2.7,1,0,0,0
428,Dean Pees,4,2006-2009,0,0,0,0,,0,0,0,0,0,,1.0,1,0,0,0
429,Clancy Pendergast,6,2004-2009,0,0,0,0,,0,0,0,0,0,,2.8,1,0,0,0
430,Joe Pendry,12,1985-2005,0,0,0,0,,0,0,0,0,0,,2.3,1,0,0,0
431,Pat Peppler,1,1976,9,3,6,0,.333,-3,0,0,0,0,,3.0,3,0,0,0
432,Ray Perkins,14,1978-1997,117,42,75,0,.359,-33,1,2,1,1,.500,3.3,1,0,0,0
433,George Perles,1,1978,0,0,0,0,,0,0,0,0,0,,1.0,1,0,0,0
434,Bill Peterson,2,1972-1973,19,1,18,0,.053,-17,0,0,0,0,,4.0,4,0,0,0
435,Richie Petitbon,13,1981-1993,16,4,12,0,.250,-8,0,0,0,0,,2.2,1,0,0,0
436,Bobby Petrino,2,2001-2007,13,3,10,0,.231,-7,0,0,0,0,,4.5,4,0,0,0
437,Mike Pettine,3,2009-2011,0,0,0,0,,0,0,0,0,0,,2.0,2,0,0,0
438,Jimmy Phelan,3,1948-1952,38,12,26,0,.316,-14,0,0,0,0,,4.3,3,0,0,0
439,Joe Philbin,5,2007-2011,0,0,0,0,,0,0,0,0,0,,1.8,1,0,0,0
440,Bum Phillips,12,1974-1985,159,82,77,0,.516,5,3,7,4,3,.571,2.6,1,0,0,0
441,Wade Phillips,30,1981-2011,143,82,61,0,.573,21,5,6,1,5,.167,2.5,1,0,0,0
442,Al Pierotti,1,1920,5,2,2,1,.500,0,0,0,0,0,,10.0,10,0,0,0
443,Ted Plumb,4,1986-1989,0,0,0,0,,0,0,0,0,0,,2.3,1,0,0,0
444,Fritz Pollard+,2,1921-1925,13,8,4,1,.667,4,0,0,0,0,,8.5,3,0,0,0
445,Hampton Pool,5,1946-1954,47,26,19,2,.578,7,1,1,0,1,.000,3.2,1,0,0,0
446,Mike Pope,1,1993,0,0,0,0,,0,0,0,0,0,,4.0,4,0,0,0
447,Earl Potteiger,3,1924-1928,31,15,12,4,.556,3,0,0,0,0,,7.7,1,1,0,0
448,Ray Prochaska,9,1961-1985,2,2,0,0,1.000,2,0,0,0,0,,3.0,1,0,0,0
449,Tommy Prothro,7,1971-1978,88,35,51,2,.407,-16,0,0,0,0,,2.9,2,0,0,0
450,Dan Radakovich,1,1989,0,0,0,0,,0,0,0,0,0,,1.0,1,0,0,0
Rk,,Yrs,Yr-Yr,G,W,L,T,W-L%,G > .500,Yr plyf,G plyf,W plyf,L plyf,W-L%,AvRk,BstRk,Chmp,SBwl,Conf
451,John Ralston,6,1972-1978,70,34,33,3,.507,1,0,0,0,0,,2.2,2,0,0,0
452,Buster Ramsey,2,1960-1961,28,11,16,1,.407,-5,0,0,0,0,,3.5,3,0,0,0
453,Dick Rauch,5,1925-1929,60,33,24,3,.579,9,0,0,0,0,,4.8,2,0,0,0
454,John Rauch,6,1966-1976,70,40,28,2,.588,12,2,4,2,2,.500,2.7,1,0,0,1
455,Johnny Rauch,1,1976,0,0,0,0,,0,0,0,0,0,,3.0,3,0,0,0
456,Floyd Reese,1,1984,0,0,0,0,,0,0,0,0,0,,5.0,5,0,0,0
457,Dan Reeves,27,1977-2003,357,190,165,2,.535,25,9,20,11,9,.550,2.3,1,0,0,4
458,Andy Reid,13,1999-2011,208,126,81,1,.609,45,9,19,10,9,.526,2.0,1,0,0,1
459,Jack Reilly,4,1995-2001,0,0,0,0,,0,0,0,0,0,,3.8,3,0,0,0
460,Ray Rhodes,14,1992-2005,80,37,42,1,.468,-5,2,3,1,2,.333,2.2,1,0,0,0
461,Homer Rice,2,1978-1979,27,8,19,0,.296,-11,0,0,0,0,,4.0,4,0,0,0
462,Ray Richards,3,1955-1957,36,14,21,1,.400,-7,0,0,0,0,,4.0,2,0,0,0
463,Mike Riley,3,1999-2001,48,14,34,0,.292,-20,0,0,0,0,,4.3,3,0,0,0
464,Jim Ringo+,9,1976-1988,23,3,20,0,.130,-17,0,0,0,0,,3.4,1,0,0,0
465,Ron Rivera,7,2004-2011,16,6,10,0,.375,-4,0,0,0,0,,1.9,1,0,0,0
466,Paul Roach,2,1975-1976,0,0,0,0,,0,0,0,0,0,,3.5,3,0,0,0
467,Harry Robb,2,1925-1926,18,5,13,0,.278,-8,0,0,0,0,,15.5,11,0,0,0
468,J.D. Roberts,3,1970-1972,35,7,25,3,.219,-18,0,0,0,0,,4.0,4,0,0,0
469,Ed Robinson,1,1931,11,4,4,3,.500,0,0,0,0,0,,6.0,6,0,0,0
470,John Robinson,9,1983-1991,143,75,68,0,.524,7,6,10,4,6,.400,2.2,1,0,0,0
471,Willy Robinson,1,2004,0,0,0,0,,0,0,0,0,0,,4.0,4,0,0,0
472,Terry Robiskie,6,1989-2004,9,2,7,0,.222,-5,0,0,0,0,,3.1,1,0,0,0
473,Charley Rogers,1,1927,10,4,4,2,.500,0,0,0,0,0,,7.0,7,0,0,0
474,Darryl Rogers,4,1985-1988,58,18,40,0,.310,-22,0,0,0,0,,3.5,3,0,0,0
475,Greg Roman,1,2011,0,0,0,0,,0,0,0,0,0,,1.0,1,0,0,0
476,Gene Ronzani,4,1950-1953,46,14,31,1,.311,-17,0,0,0,0,,5.0,4,0,0,0
477,Tam Rose,1,1921,1,0,1,0,.000,-1,0,0,0,0,,18.0,18,0,0,0
478,Bobby Ross,9,1992-2000,137,74,63,0,.540,11,5,8,3,5,.375,2.7,1,0,0,1
479,Tom Rossley,6,2000-2005,0,0,0,0,,0,0,0,0,0,,2.0,1,0,0,0
480,Keith Rowen,2,2005-2006,0,0,0,0,,0,0,0,0,0,,3.5,3,0,0,0
Rk,,Yrs,Yr-Yr,G,W,L,T,W-L%,G > .500,Yr plyf,G plyf,W plyf,L plyf,W-L%,AvRk,BstRk,Chmp,SBwl,Conf
481,Babe Ruetz,3,1922-1924,31,14,11,6,.560,3,0,0,0,0,,7.7,6,0,0,0
482,Clive Rush,2,1969-1970,21,5,16,0,.238,-11,0,0,0,0,,4.0,3,0,0,0
483,Rod Rust,15,1978-1996,16,1,15,0,.063,-14,0,0,0,0,,3.3,1,0,0,0
484,Sam Rutigliano,7,1978-1984,97,47,50,0,.485,-3,2,2,0,2,.000,2.7,1,0,0,0
485,Buddy Ryan,18,1976-1995,111,55,55,1,.500,0,3,3,0,3,.000,2.4,1,0,0,0
486,Rex Ryan,7,2005-2011,48,28,20,0,.583,8,2,6,4,2,.667,2.3,1,0,0,0
487,Rob Ryan,8,2004-2011,0,0,0,0,,0,0,0,0,0,,3.4,2,0,0,0
488,Lou Rymkus,2,1960-1961,19,11,7,1,.611,4,1,1,1,0,1.000,1.0,1,1,0,0
489,Lou Saban,16,1960-1976,201,95,99,7,.490,-4,4,4,2,2,.500,3.0,1,2,0,0
490,Nick Saban,6,1991-2006,32,15,17,0,.469,-2,0,0,0,0,,2.8,2,0,0,0
491,Lenny Sachs,1,1926,4,0,4,0,.000,-4,0,0,0,0,,21.0,21,0,0,0
492,Andy Salata,1,1930,3,0,3,0,.000,-3,0,0,0,0,,11.0,11,0,0,0
493,John Sandusky,1,1972,9,4,5,0,.444,-1,0,0,0,0,,3.0,3,0,0,0
494,Al Saunders,12,1986-2011,39,17,22,0,.436,-5,0,0,0,0,,3.1,1,0,0,0
495,Dewey Scanlon,4,1924-1929,36,17,15,4,.531,2,0,0,0,0,,8.0,4,0,0,0
496,Joe Scannella,1,1984,0,0,0,0,,0,0,0,0,0,,3.0,3,0,0,0
497,Paul Schissler,4,1933-1936,46,14,29,3,.326,-15,0,0,0,0,,3.8,2,0,0,0
498,Joe Schmidt+,6,1967-1972,84,43,34,7,.558,9,1,1,0,1,.000,2.5,2,0,0,0
499,Howard Schnellenberger,9,1970-1978,17,4,13,0,.235,-9,0,0,0,0,,2.1,1,0,0,0
500,Brian Schottenheimer,6,2006-2011,0,0,0,0,,0,0,0,0,0,,2.3,2,0,0,0
501,Kurt Schottenheimer,5,1999-2003,0,0,0,0,,0,0,0,0,0,,2.8,1,0,0,0
502,Marty Schottenheimer,26,1977-2006,327,200,126,1,.613,74,13,18,5,13,.278,2.1,1,0,0,0
503,Jim Schwartz,11,2001-2011,48,18,30,0,.375,-12,0,0,0,0,,2.5,1,0,0,0
504,Ralph Scott,1,1927,16,7,8,1,.467,-1,0,0,0,0,,6.0,6,0,0,0
505,Tom Scott,1,1946,7,1,6,0,.143,-5,0,0,0,0,,2.0,2,0,0,0
506,George Sefcik,6,1988-2001,0,0,0,0,,0,0,0,0,0,,3.2,1,0,0,0
507,George Seifert,17,1983-2001,176,114,62,0,.648,52,7,15,10,5,.667,1.5,1,2,2,2
508,Kyle Shanahan,4,2008-2011,0,0,0,0,,0,0,0,0,0,,3.0,2,0,0,0
509,Mike Shanahan,25,1985-2011,276,157,119,0,.569,38,7,13,8,5,.615,2.0,1,2,2,2
510,Clark Shaughnessy,2,1948-1949,24,14,7,3,.667,7,1,1,0,1,.000,2.0,1,0,0,0
Rk,,Yrs,Yr-Yr,G,W,L,T,W-L%,G > .500,Yr plyf,G plyf,W plyf,L plyf,W-L%,AvRk,BstRk,Chmp,SBwl,Conf
511,Buck Shaw,12,1946-1960,150,90,55,5,.621,35,2,3,2,1,.667,2.5,1,1,0,0
512,Willie Shaw,5,1995-2002,0,0,0,0,,0,0,0,0,0,,2.6,2,0,0,0
513,Terry Shea,1,2004,0,0,0,0,,0,0,0,0,0,,4.0,4,0,0,0
514,Art Shell+,7,1989-2006,108,56,52,0,.519,4,3,5,2,3,.400,2.7,1,0,0,0
515,Clarence Shelmon,5,2007-2011,0,0,0,0,,0,0,0,0,0,,1.2,1,0,0,0
516,Mike Sheppard,4,1997-2005,0,0,0,0,,0,0,0,0,0,,4.5,4,0,0,0
517,Bill Sheridan,1,2009,0,0,0,0,,0,0,0,0,0,,3.0,3,0,0,0
518,Allie Sherman,8,1961-1968,112,57,51,4,.528,6,3,3,0,3,.000,3.0,1,0,0,0
519,Mike Sherman,8,1999-2007,96,57,39,0,.594,18,4,6,2,4,.333,2.1,1,0,0,0
520,Ray Sherman,4,1990-1999,0,0,0,0,,0,0,0,0,0,,3.3,2,0,0,0
521,Ted Shipkey,1,1947,3,2,1,0,.667,1,0,0,0,0,,3.0,3,0,0,0
522,Ken Shipp,2,1975-1977,5,1,4,0,.200,-3,0,0,0,0,,3.0,2,0,0,0
523,Doug Shivley,5,1985-1993,0,0,0,0,,0,0,0,0,0,,3.2,2,0,0,0
524,Jim Shofner,7,1981-1990,7,1,6,0,.143,-5,0,0,0,0,,3.6,2,0,0,0
525,John Shoop,4,2001-2006,0,0,0,0,,0,0,0,0,0,,2.8,1,0,0,0
526,Dave Shula,2,1989-1990,0,0,0,0,,0,0,0,0,0,,4.5,4,0,0,0
527,David Shula,5,1992-1996,71,19,52,0,.268,-33,0,0,0,0,,3.2,2,0,0,0
528,Don Shula+,33,1963-1995,490,328,156,6,.678,172,19,36,19,17,.528,1.6,1,2,2,6
529,Mike Shula,4,1996-1999,0,0,0,0,,0,0,0,0,0,,2.5,1,0,0,0
530,Fritz Shurmur,19,1979-1998,0,0,0,0,,0,0,0,0,0,,2.4,1,0,0,0
531,Pat Shurmur,3,2009-2011,16,4,12,0,.250,-8,0,0,0,0,,3.0,1,0,0,0
532,Steve Sidwell,17,1986-2002,0,0,0,0,,0,0,0,0,0,,2.4,1,0,0,0
533,Herb Sies,1,1923,8,2,3,3,.400,-1,0,0,0,0,,12.0,12,0,0,0
534,Mike Singletary+,3,2008-2010,40,18,22,0,.450,-4,0,0,0,0,,2.3,2,0,0,0
535,Jim Skipper,3,1997-1999,0,0,0,0,,0,0,0,0,0,,2.3,1,0,0,0
536,Nick Skorich,7,1961-1974,98,45,48,5,.484,-3,2,2,0,2,.000,3.7,1,0,0,0
537,Bob Slowik,10,1993-2008,0,0,0,0,,0,0,0,0,0,,3.2,1,0,0,0
538,Clipper Smith,2,1947-1948,24,7,16,1,.304,-9,0,0,0,0,,4.0,3,0,0,0
539,Homer Smith,1,1987,0,0,0,0,,0,0,0,0,0,,5.0,5,0,0,0
540,Jerry Smith,1,1971,5,2,3,0,.400,-1,0,0,0,0,,4.0,4,0,0,0
Rk,,Yrs,Yr-Yr,G,W,L,T,W-L%,G > .500,Yr plyf,G plyf,W plyf,L plyf,W-L%,AvRk,BstRk,Chmp,SBwl,Conf
541,Lovie Smith,11,2001-2011,128,71,57,0,.555,14,3,6,3,3,.500,2.0,1,0,0,1
542,Mike Smith,9,2003-2011,64,43,21,0,.672,22,2,2,0,2,.000,2.0,1,0,0,0
543,Bob Snyder,1,1947,12,6,6,0,.500,0,0,0,0,0,,4.0,4,0,0,0
544,Mike Solari,2,2006-2007,0,0,0,0,,0,0,0,0,0,,2.5,2,0,0,0
545,Steve Spagnuolo,5,2007-2011,48,10,38,0,.208,-28,0,0,0,0,,2.4,1,0,0,0
546,Tony Sparano,4,2008-2011,61,29,32,0,.475,-3,1,1,0,1,.000,2.5,1,0,0,0
547,Mac Speedie,3,1964-1966,26,6,19,1,.240,-13,0,0,0,0,,4.0,4,0,0,0
548,Steve Spurrier,2,2002-2003,32,12,20,0,.375,-8,0,0,0,0,,3.0,3,0,0,0
549,Gene Stallings,4,1986-1989,58,23,34,1,.404,-11,0,0,0,0,,3.5,2,0,0,0
550,Dick Stanfel,1,1980,4,1,3,0,.250,-2,0,0,0,0,,4.0,4,0,0,0
551,Jim Stanley,1,1986,0,0,0,0,,0,0,0,0,0,,5.0,5,0,0,0
552,Bart Starr+,9,1975-1983,131,52,76,3,.406,-24,1,2,1,1,.500,2.8,1,0,0,0
553,Les Steckel,5,1984-2000,16,3,13,0,.188,-10,0,0,0,0,,2.8,2,0,0,0
554,Kay Stephenson,3,1983-1985,36,10,26,0,.278,-16,0,0,0,0,,4.0,2,0,0,0
555,Joey Sternaman,1,1923,7,4,3,0,.571,1,0,0,0,0,,7.0,7,0,0,0
556,Gary Stevens,9,1989-1997,0,0,0,0,,0,0,0,0,0,,2.0,1,0,0,0
557,Mal Stevens,1,1946,7,2,4,1,.333,-2,0,0,0,0,,2.0,2,0,0,0
558,Brian Stewart,2,2007-2008,0,0,0,0,,0,0,0,0,0,,2.0,1,0,0,0
559,Pete Stinchcomb,1,1923,7,3,4,0,.429,-1,0,0,0,0,,8.0,8,0,0,0
560,Carl Storck,5,1922-1926,38,8,26,4,.235,-18,0,0,0,0,,13.6,7,0,0,0
561,Red Strader,5,1948-1955,58,25,31,2,.446,-6,1,1,0,1,.000,3.8,2,0,0,0
562,Hank Stram,17,1960-1977,238,131,97,10,.575,34,5,8,5,3,.625,2.1,1,2,1,2
563,Eric Studesville,1,2010,4,1,3,0,.250,-2,0,0,0,0,,4.0,4,0,0,0
564,Chuck Studley,8,1979-1986,10,2,8,0,.200,-6,0,0,0,0,,2.7,1,0,0,0
565,Joe Stydahar+,5,1950-1954,49,20,28,1,.417,-8,2,3,2,1,.667,3.0,1,1,0,0
566,Jerry Sullivan,1,2003,0,0,0,0,,0,0,0,0,0,,4.0,4,0,0,0
567,Jock Sutherland,4,1940-1947,45,28,16,1,.636,12,1,1,0,1,.000,2.0,1,0,0,0
568,Bob Sutton,3,2006-2008,0,0,0,0,,0,0,0,0,0,,2.7,2,0,0,0
569,Harland Svare,8,1962-1973,74,21,48,5,.304,-27,0,0,0,0,,4.8,2,0,0,0
570,Barry Switzer,4,1994-1997,64,40,24,0,.625,16,3,7,5,2,.714,1.8,1,1,1,1
Rk,,Yrs,Yr-Yr,G,W,L,T,W-L%,G > .500,Yr plyf,G plyf,W plyf,L plyf,W-L%,AvRk,BstRk,Chmp,SBwl,Conf
571,Nelson Talbot,2,1920-1921,18,9,6,3,.600,3,0,0,0,0,,7.0,6,0,0,0
572,Hugh Taylor,1,1965,14,4,10,0,.286,-6,0,0,0,0,,4.0,4,0,0,0
573,Gus Tebell,1,1923,3,2,0,1,1.000,2,0,0,0,0,,8.0,8,0,0,0
574,Emmitt Thomas+,8,1995-2007,3,1,2,0,.333,-1,0,0,0,0,,2.9,1,0,0,0
575,Joe Thomas,1,1974,11,2,9,0,.182,-7,0,0,0,0,,5.0,5,0,0,0
576,Jim Thorpe+,4,1920-1923,41,14,25,2,.359,-11,0,0,0,0,,12.0,8,0,0,0
577,Mike Tice,5,2001-2005,65,32,33,0,.492,-1,1,2,1,1,.500,2.4,2,0,0,0
578,Elgie Tobin,2,1920-1921,23,16,3,4,.842,13,0,0,0,0,,2.0,1,1,0,0
579,Vince Tobin,13,1986-2001,71,28,43,0,.394,-15,1,2,1,1,.500,2.9,1,0,0,0
580,Dick Todd,1,1951,9,5,4,0,.556,1,0,0,0,0,,3.0,3,0,0,0
581,Russell Tollefson,1,1922,4,1,3,0,.250,-2,0,0,0,0,,13.0,13,0,0,0
582,Ted Tollner,3,1991-2005,0,0,0,0,,0,0,0,0,0,,4.0,3,0,0,0
583,Mike Tomlin,6,2006-2011,80,55,25,0,.688,30,3,7,5,2,.714,1.5,1,1,1,2
584,Jim Tomsula,1,2010,1,1,0,0,1.000,1,0,0,0,0,,3.0,3,0,0,0
585,Marc Trestman,8,1989-2003,0,0,0,0,,0,0,0,0,0,,2.3,1,0,0,0
586,Mike Trgovac,6,2003-2008,0,0,0,0,,0,0,0,0,0,,1.7,1,0,0,0
587,Jim Trimble,4,1952-1955,48,25,20,3,.556,5,0,0,0,0,,2.5,2,0,0,0
588,Mel Tucker,4,2008-2011,5,2,3,0,.400,-1,0,0,0,0,,3.2,2,0,0,0
589,Bulldog Turner+,1,1962,14,5,9,0,.357,-4,0,0,0,0,,4.0,4,0,0,0
590,Norv Turner,21,1991-2011,221,107,113,1,.486,-6,4,8,4,4,.500,2.4,1,0,0,0
591,Ron Turner,9,1993-2009,0,0,0,0,,0,0,0,0,0,,2.4,1,0,0,0
592,Richard Urich,1,1980,0,0,0,0,,0,0,0,0,0,,3.0,3,0,0,0
593,Rube Ursella,3,1920-1925,24,12,8,4,.600,4,0,0,0,0,,8.3,4,0,0,0
594,Norm Van Brocklin+,13,1961-1974,173,66,100,7,.398,-34,0,0,0,0,,3.9,2,0,0,0
595,Alex Van Pelt,1,2009,0,0,0,0,,0,0,0,0,0,,4.0,4,0,0,0
596,Brian VanGorder,4,2008-2011,0,0,0,0,,0,0,0,0,0,,1.8,1,0,0,0
597,Jim Vechiarella,4,1990-2001,0,0,0,0,,0,0,0,0,0,,4.8,4,0,0,0
598,Rick Venturi,11,1984-2008,19,2,17,0,.105,-15,0,0,0,0,,3.8,2,0,0,0
599,Dick Vermeil,15,1976-2005,229,120,109,0,.524,11,6,11,6,5,.545,2.8,1,1,1,2
600,Joe Vitt,1,2005,11,4,7,0,.364,-3,0,0,0,0,,2.0,2,0,0,0
Rk,,Yrs,Yr-Yr,G,W,L,T,W-L%,G > .500,Yr plyf,G plyf,W plyf,L plyf,W-L%,AvRk,BstRk,Chmp,SBwl,Conf
601,Dick Voris,1,1971,0,0,0,0,,0,0,0,0,0,,4.0,4,0,0,0
602,Carl Voyles,1,1948,14,2,12,0,.143,-10,0,0,0,0,,4.0,4,0,0,0
603,Charlie Waller,2,1969-1970,19,9,7,3,.563,2,0,0,0,0,,3.0,3,0,0,0
604,Ron Waller,1,1973,6,1,5,0,.167,-4,0,0,0,0,,4.0,4,0,0,0
605,Adam Walsh,2,1945-1946,21,15,5,1,.750,10,1,1,1,0,1.000,1.5,1,1,0,0
606,Bill Walsh,11,1976-1988,152,92,59,1,.609,33,7,14,10,4,.714,1.9,1,3,3,3
607,Chile Walsh,1,1934,3,1,2,0,.333,-1,0,0,0,0,,5.0,5,0,0,0
608,Tom Walsh,4,1992-2006,0,0,0,0,,0,0,0,0,0,,3.0,2,0,0,0
609,Joe Walton,15,1973-1991,111,53,57,1,.482,-4,2,3,1,2,.333,3.1,1,0,0,0
610,Dave Wannstedt,16,1989-2004,169,82,87,0,.485,-5,3,5,2,3,.400,2.9,1,0,0,0
611,Bob Waterfield+,3,1960-1962,34,9,24,1,.273,-15,0,0,0,0,,6.3,6,0,0,0
612,Red Weaver,2,1924-1925,17,4,13,0,.235,-9,0,0,0,0,,13.0,10,0,0,0
613,Alex Webster,5,1969-1973,70,29,40,1,.420,-11,0,0,0,0,,3.4,2,0,0,0
614,Ed Weir,2,1927-1928,26,15,7,4,.682,8,0,0,0,0,,4.5,2,0,0,0
615,Charlie Weis,9,1997-2010,0,0,0,0,,0,0,0,0,0,,1.9,1,0,0,0
616,John Whelchel,1,1949,7,3,3,1,.500,0,0,0,0,0,,4.0,4,0,0,0
617,Ken Whisenhunt,8,2004-2011,80,40,40,0,.500,0,2,6,4,2,.667,1.8,1,0,0,1
618,Mike White,2,1995-1996,32,15,17,0,.469,-2,0,0,0,0,,3.5,3,0,0,0
619,Woody Widenhofer,9,1979-1992,0,0,0,0,,0,0,0,0,0,,2.0,1,0,0,0
620,Paul Wiggin,5,1975-1979,35,11,24,0,.314,-13,0,0,0,0,,3.4,2,0,0,0
621,Hubert Wiggs,1,1922,4,1,3,0,.250,-2,0,0,0,0,,13.0,13,0,0,0
622,Willie Wilkin,1,1946,5,2,2,1,.500,0,0,0,0,0,,4.0,4,0,0,0
623,Bud Wilkinson,2,1978-1979,29,9,20,0,.310,-11,0,0,0,0,,4.5,4,0,0,0
624,Gregg Williams,15,1997-2011,48,17,31,0,.354,-14,0,0,0,0,,2.6,1,0,0,0
625,Jerry Williams,3,1969-1971,31,7,22,2,.241,-15,0,0,0,0,,4.0,3,0,0,0
626,Richard Williamson,4,1990-2001,19,4,15,0,.211,-11,0,0,0,0,,3.8,2,0,0,0
627,Ray Willsey,6,1961-1977,2,2,0,0,1.000,2,0,0,0,0,,2.5,1,0,0,0
628,George Wilson,12,1957-1969,160,68,84,8,.447,-16,1,2,2,0,1.000,3.3,1,1,0,0
629,Larry Wilson+,1,1979,3,2,1,0,.667,1,0,0,0,0,,5.0,5,0,0,0
630,Charley Winner,7,1966-1975,93,44,44,5,.500,0,0,0,0,0,,3.1,2,0,0,0
Rk,,Yrs,Yr-Yr,G,W,L,T,W-L%,G > .500,Yr plyf,G plyf,W plyf,L plyf,W-L%,AvRk,BstRk,Chmp,SBwl,Conf
631,Alex Wood,1,2004,0,0,0,0,,0,0,0,0,0,,3.0,3,0,0,0
632,Hoge Workman,1,1931,10,2,8,0,.200,-6,0,0,0,0,,8.0,8,0,0,0
633,Lud Wray,4,1932-1935,41,13,25,3,.342,-12,0,0,0,0,,4.0,3,0,0,0
634,Sam Wyche,12,1984-1995,191,84,107,0,.440,-23,2,5,3,2,.600,3.2,1,0,0,1
635,Doug Wycoff,2,1929-1930,22,8,9,5,.471,-1,0,0,0,0,,6.0,6,0,0,0
636,Zaven Yaralian,3,1997-1999,0,0,0,0,,0,0,0,0,0,,4.0,3,0,0,0
637,Doc Young,2,1925-1926,8,1,7,0,.125,-6,0,0,0,0,,17.5,14,0,0,0
638,Swede Youngstrom,1,1927,10,4,4,2,.500,0,0,0,0,0,,7.0,7,0,0,0
639,Ernie Zampese,17,1983-1999,0,0,0,0,,0,0,0,0,0,,3.1,1,0,0,0
640,Mike Zimmer,12,2000-2011,0,0,0,0,,0,0,0,0,0,,3.1,1,0,0,0
641,Ron Zook,2,2000-2001,0,0,0,0,,0,0,0,0,0,,2.0,1,0,0,0
642,Jim Zorn,2,2008-2009,32,12,20,0,.375,-8,0,0,0,0,,4.0,4,0,0,0